name,setting,unit,category,short_desc,extra_desc,context,vartype,source,min_val,max_val,enumvals,boot_val,reset_val,sourcefile,sourceline,pending_restart
allow_in_place_tablespaces,off,,Developer Options,"Allows tablespaces directly inside pg_tblspc, for testing.",,superuser,bool,default,,,,off,off,,,f
allow_system_table_mods,off,,Developer Options,Allows modifications of the structure of system tables.,,superuser,bool,default,,,,off,off,,,f
application_name,pgAdmin 4 - DB:products_db,,Reporting and Logging / What to Log,Sets the application name to be reported in statistics and logs.,,user,string,client,,,,,pgAdmin 4 - DB:products_db,,,f
archive_cleanup_command,,,Write-Ahead Log / Archive Recovery,Sets the shell command that will be executed at every restart point.,,sighup,string,default,,,,,,,,f
archive_command,cp %p /data/archive/%f,,Write-Ahead Log / Archiving,Sets the shell command that will be called to archive a WAL file.,,sighup,string,configuration file,,,,,cp %p /data/archive/%f,/data/cluster-af2-pgsql/postgresql.auto.conf,31,f
archive_mode,on,,Write-Ahead Log / Archiving,Allows archiving of WAL files using archive_command.,,postmaster,enum,configuration file,,,"{always,on,off}",off,on,/data/cluster-af2-pgsql/postgresql.auto.conf,30,f
archive_timeout,0,s,Write-Ahead Log / Archiving,Forces a switch to the next WAL file if a new file has not been started within N seconds.,,sighup,integer,default,0,1073741823,,0,0,,,f
array_nulls,on,,Version and Platform Compatibility / Previous PostgreSQL Versions,Enable input of NULL elements in arrays.,"When turned on, unquoted NULL in an array input value means a null value; otherwise it is taken literally.",user,bool,default,,,,on,on,,,f
authentication_timeout,60,s,Connections and Authentication / Authentication,Sets the maximum allowed time to complete client authentication.,,sighup,integer,default,1,600,,60,60,,,f
auto_explain.log_analyze,on,,Customized Options,Use EXPLAIN ANALYZE for plan logging.,,superuser,bool,configuration file,,,,off,on,/data/cluster-af2-pgsql/postgresql.auto.conf,38,f
auto_explain.log_buffers,off,,Customized Options,Log buffers usage.,,superuser,bool,default,,,,off,off,,,f
auto_explain.log_format,text,,Customized Options,EXPLAIN format to be used for plan logging.,,superuser,enum,default,,,"{text,xml,json,yaml}",text,text,,,f
auto_explain.log_level,log,,Customized Options,Log level for the plan.,,superuser,enum,default,,,"{debug5,debug4,debug3,debug2,debug1,info,notice,warning,log}",log,log,,,f
auto_explain.log_min_duration,0,ms,Customized Options,Sets the minimum execution time above which plans will be logged.,Zero prints all plans. -1 turns this feature off.,superuser,integer,configuration file,-1,2147483647,,-1,0,/data/cluster-af2-pgsql/postgresql.auto.conf,37,f
auto_explain.log_nested_statements,off,,Customized Options,Log nested statements.,,superuser,bool,default,,,,off,off,,,f
auto_explain.log_settings,off,,Customized Options,Log modified configuration parameters affecting query planning.,,superuser,bool,default,,,,off,off,,,f
auto_explain.log_timing,on,,Customized Options,"Collect timing data, not just row counts.",,superuser,bool,default,,,,on,on,,,f
auto_explain.log_triggers,off,,Customized Options,Include trigger statistics in plans.,This has no effect unless log_analyze is also set.,superuser,bool,default,,,,off,off,,,f
auto_explain.log_verbose,off,,Customized Options,Use EXPLAIN VERBOSE for plan logging.,,superuser,bool,default,,,,off,off,,,f
auto_explain.log_wal,off,,Customized Options,Log WAL usage.,,superuser,bool,default,,,,off,off,,,f
auto_explain.sample_rate,1,,Customized Options,Fraction of queries to process.,,superuser,real,default,0,1,,1,1,,,f
autovacuum,on,,Autovacuum,Starts the autovacuum subprocess.,,sighup,bool,default,,,,on,on,,,f
autovacuum_analyze_scale_factor,0.01,,Autovacuum,"Number of tuple inserts, updates, or deletes prior to analyze as a fraction of reltuples.",,sighup,real,configuration file,0,100,,0.1,0.01,/data/cluster-af2-pgsql/postgresql.auto.conf,28,f
autovacuum_analyze_threshold,50,,Autovacuum,"Minimum number of tuple inserts, updates, or deletes prior to analyze.",,sighup,integer,default,0,2147483647,,50,50,,,f
autovacuum_freeze_max_age,200000000,,Autovacuum,Age at which to autovacuum a table to prevent transaction ID wraparound.,,postmaster,integer,default,100000,2000000000,,200000000,200000000,,,f
autovacuum_max_workers,3,,Autovacuum,Sets the maximum number of simultaneously running autovacuum worker processes.,,postmaster,integer,default,1,262143,,3,3,,,f
autovacuum_multixact_freeze_max_age,400000000,,Autovacuum,Multixact age at which to autovacuum a table to prevent multixact wraparound.,,postmaster,integer,default,10000,2000000000,,400000000,400000000,,,f
autovacuum_naptime,60,s,Autovacuum,Time to sleep between autovacuum runs.,,sighup,integer,default,1,2147483,,60,60,,,f
autovacuum_vacuum_cost_delay,2,ms,Autovacuum,"Vacuum cost delay in milliseconds, for autovacuum.",,sighup,real,default,-1,100,,2,2,,,f
autovacuum_vacuum_cost_limit,600,,Autovacuum,"Vacuum cost amount available before napping, for autovacuum.",,sighup,integer,configuration file,-1,10000,,-1,600,/data/cluster-af2-pgsql/postgresql.auto.conf,26,f
autovacuum_vacuum_insert_scale_factor,0.2,,Autovacuum,Number of tuple inserts prior to vacuum as a fraction of reltuples.,,sighup,real,default,0,100,,0.2,0.2,,,f
autovacuum_vacuum_insert_threshold,1000,,Autovacuum,"Minimum number of tuple inserts prior to vacuum, or -1 to disable insert vacuums.",,sighup,integer,default,-1,2147483647,,1000,1000,,,f
autovacuum_vacuum_scale_factor,0.01,,Autovacuum,Number of tuple updates or deletes prior to vacuum as a fraction of reltuples.,,sighup,real,configuration file,0,100,,0.2,0.01,/data/cluster-af2-pgsql/postgresql.auto.conf,29,f
autovacuum_vacuum_threshold,50,,Autovacuum,Minimum number of tuple updates or deletes prior to vacuum.,,sighup,integer,default,0,2147483647,,50,50,,,f
autovacuum_work_mem,1048576,kB,Resource Usage / Memory,Sets the maximum memory to be used by each autovacuum worker process.,,sighup,integer,configuration file,-1,2147483647,,-1,1048576,/data/cluster-af2-pgsql/postgresql.auto.conf,25,f
backend_flush_after,0,8kB,Resource Usage / Asynchronous Behavior,Number of pages after which previously performed writes are flushed to disk.,,user,integer,default,0,256,,0,0,,,f
backslash_quote,safe_encoding,,Version and Platform Compatibility / Previous PostgreSQL Versions,"Sets whether ""\'"" is allowed in string literals.",,user,enum,default,,,"{safe_encoding,on,off}",safe_encoding,safe_encoding,,,f
backtrace_functions,,,Developer Options,Log backtrace for errors in these functions.,,superuser,string,default,,,,,,,,f
bgwriter_delay,200,ms,Resource Usage / Background Writer,Background writer sleep time between rounds.,,sighup,integer,default,10,10000,,200,200,,,f
bgwriter_flush_after,64,8kB,Resource Usage / Background Writer,Number of pages after which previously performed writes are flushed to disk.,,sighup,integer,default,0,256,,64,64,,,f
bgwriter_lru_maxpages,100,,Resource Usage / Background Writer,Background writer maximum number of LRU pages to flush per round.,,sighup,integer,default,0,1073741823,,100,100,,,f
bgwriter_lru_multiplier,2,,Resource Usage / Background Writer,Multiple of the average buffer usage to free per round.,,sighup,real,default,0,10,,2,2,,,f
block_size,8192,,Preset Options,Shows the size of a disk block.,,internal,integer,default,8192,8192,,8192,8192,,,f
bonjour,off,,Connections and Authentication / Connection Settings,Enables advertising the server via Bonjour.,,postmaster,bool,default,,,,off,off,,,f
bonjour_name,,,Connections and Authentication / Connection Settings,Sets the Bonjour service name.,,postmaster,string,default,,,,,,,,f
bytea_output,hex,,Client Connection Defaults / Statement Behavior,Sets the output format for bytea.,,user,enum,default,,,"{escape,hex}",hex,hex,,,f
check_function_bodies,on,,Client Connection Defaults / Statement Behavior,Check routine bodies during CREATE FUNCTION and CREATE PROCEDURE.,,user,bool,default,,,,on,on,,,f
checkpoint_completion_target,0.9,,Write-Ahead Log / Checkpoints,"Time spent flushing dirty buffers during checkpoint, as fraction of checkpoint interval.",,sighup,real,configuration file,0,1,,0.9,0.9,/data/cluster-af2-pgsql/postgresql.conf,230,f
checkpoint_flush_after,32,8kB,Write-Ahead Log / Checkpoints,Number of pages after which previously performed writes are flushed to disk.,,sighup,integer,default,0,256,,32,32,,,f
checkpoint_timeout,300,s,Write-Ahead Log / Checkpoints,Sets the maximum time between automatic WAL checkpoints.,,sighup,integer,default,30,86400,,300,300,,,f
checkpoint_warning,30,s,Write-Ahead Log / Checkpoints,Enables warnings if checkpoint segments are filled more frequently than this.,Write a message to the server log if checkpoints caused by the filling of checkpoint segment files happens more frequently than this number of seconds. Zero turns off the warning.,sighup,integer,default,0,2147483647,,30,30,,,f
client_connection_check_interval,0,ms,Connections and Authentication / Connection Settings,Sets the time interval between checks for disconnection while running queries.,,user,integer,default,0,2147483647,,0,0,,,f
client_encoding,WIN1251,,Client Connection Defaults / Locale and Formatting,Sets the client's character set encoding.,,user,string,client,,,,SQL_ASCII,WIN1251,,,f
client_min_messages,notice,,Client Connection Defaults / Statement Behavior,Sets the message levels that are sent to the client.,"Each level includes all the levels that follow it. The later the level, the fewer messages are sent.",user,enum,default,,,"{debug5,debug4,debug3,debug2,debug1,log,notice,warning,error}",notice,notice,,,f
cluster_name,,,Reporting and Logging / Process Title,"Sets the name of the cluster, which is included in the process title.",,postmaster,string,default,,,,,,,,f
commit_delay,0,,Write-Ahead Log / Settings,Sets the delay in microseconds between transaction commit and flushing WAL to disk.,,superuser,integer,default,0,100000,,0,0,,,f
commit_siblings,5,,Write-Ahead Log / Settings,Sets the minimum concurrent open transactions before performing commit_delay.,,user,integer,default,0,1000,,5,5,,,f
compute_query_id,auto,,Statistics / Monitoring,Compute query identifiers.,,superuser,enum,default,,,"{auto,regress,on,off}",auto,auto,,,f
config_file,/data/cluster-af2-pgsql/postgresql.conf,,File Locations,Sets the server's main configuration file.,,postmaster,string,override,,,,,/data/cluster-af2-pgsql/postgresql.conf,,,f
constraint_exclusion,partition,,Query Tuning / Other Planner Options,Enables the planner to use constraints to optimize queries.,Table scans will be skipped if their constraints guarantee that no rows match the query.,user,enum,default,,,"{partition,on,off}",partition,partition,,,f
cpu_index_tuple_cost,0.005,,Query Tuning / Planner Cost Constants,Sets the planner's estimate of the cost of processing each index entry during an index scan.,,user,real,default,0,1.79769e+308,,0.005,0.005,,,f
cpu_operator_cost,0.0025,,Query Tuning / Planner Cost Constants,Sets the planner's estimate of the cost of processing each operator or function call.,,user,real,default,0,1.79769e+308,,0.0025,0.0025,,,f
cpu_tuple_cost,0.01,,Query Tuning / Planner Cost Constants,Sets the planner's estimate of the cost of processing each tuple (row).,,user,real,default,0,1.79769e+308,,0.01,0.01,,,f
cron.database_name,postgres,,Customized Options,Database in which pg_cron metadata is kept.,,postmaster,string,default,,,,postgres,postgres,,,f
cron.enable_superuser_jobs,on,,Customized Options,Allow jobs to be scheduled as superuser,,postmaster,bool,default,,,,on,on,,,f
cron.host,/tmp,,Customized Options,Hostname to connect to postgres.,This setting has no effect when background workers are used.,postmaster,string,configuration file,,,,localhost,/tmp,/data/cluster-af2-pgsql/postgresql.auto.conf,5,f
cron.launch_active_jobs,on,,Customized Options,Launch jobs that are defined as active.,,sighup,bool,default,,,,on,on,,,f
cron.log_min_messages,warning,,Customized Options,log_min_messages for the launcher bgworker.,,sighup,enum,default,,,"{debug5,debug4,debug3,debug2,debug1,info,notice,warning,error,log,fatal,panic}",warning,warning,,,f
cron.log_run,on,,Customized Options,Log all jobs runs into the job_run_details table,,postmaster,bool,default,,,,on,on,,,f
cron.log_statement,on,,Customized Options,Log all cron statements prior to execution.,,postmaster,bool,default,,,,on,on,,,f
cron.max_running_jobs,32,,Customized Options,Maximum number of jobs that can run concurrently.,,postmaster,integer,default,0,200,,32,32,,,f
cron.timezone,GMT,,Customized Options,Specify timezone used for cron schedule.,,postmaster,string,default,,,,GMT,GMT,,,f
cron.use_background_workers,off,,Customized Options,Use background workers instead of client sessions.,,postmaster,bool,default,,,,off,off,,,f
cursor_tuple_fraction,0.1,,Query Tuning / Other Planner Options,Sets the planner's estimate of the fraction of a cursor's rows that will be retrieved.,,user,real,default,0,1,,0.1,0.1,,,f
data_checksums,on,,Preset Options,Shows whether data checksums are turned on for this cluster.,,internal,bool,override,,,,off,on,,,f
data_directory,/data/cluster-af2-pgsql,,File Locations,Sets the server's data directory.,,postmaster,string,override,,,,,/data/cluster-af2-pgsql,,,f
data_directory_mode,0700,,Preset Options,Shows the mode of the data directory.,The parameter value is a numeric mode specification in the form accepted by the chmod and umask system calls. (To use the customary octal format the number must start with a 0 (zero).),internal,integer,default,0,511,,448,448,,,f
data_sync_retry,off,,Error Handling,Whether to continue running after a failure to sync data files.,,postmaster,bool,default,,,,off,off,,,f
DateStyle,"ISO, DMY",,Client Connection Defaults / Locale and Formatting,Sets the display format for date and time values.,Also controls interpretation of ambiguous date inputs.,user,string,configuration file,,,,"ISO, MDY","ISO, DMY",/data/cluster-af2-pgsql/postgresql.conf,672,f
db_user_namespace,off,,Connections and Authentication / Authentication,Enables per-database user names.,,sighup,bool,default,,,,off,off,,,f
deadlock_timeout,1000,ms,Lock Management,Sets the time to wait on a lock before checking for deadlock.,,superuser,integer,default,1,2147483647,,1000,1000,,,f
debug_assertions,off,,Preset Options,Shows whether the running server has assertion checks enabled.,,internal,bool,default,,,,off,off,,,f
debug_discard_caches,0,,Developer Options,Aggressively flush system caches for debugging purposes.,,superuser,integer,default,0,0,,0,0,,,f
debug_pretty_print,on,,Reporting and Logging / What to Log,Indents parse and plan tree displays.,,user,bool,default,,,,on,on,,,f
debug_print_parse,off,,Reporting and Logging / What to Log,Logs each query's parse tree.,,user,bool,default,,,,off,off,,,f
debug_print_plan,off,,Reporting and Logging / What to Log,Logs each query's execution plan.,,user,bool,default,,,,off,off,,,f
debug_print_rewritten,off,,Reporting and Logging / What to Log,Logs each query's rewritten parse tree.,,user,bool,default,,,,off,off,,,f
default_statistics_target,100,,Query Tuning / Other Planner Options,Sets the default statistics target.,This applies to table columns that have not had a column-specific target set via ALTER TABLE SET STATISTICS.,user,integer,configuration file,1,10000,,100,100,/data/cluster-af2-pgsql/postgresql.conf,401,f
default_table_access_method,heap,,Client Connection Defaults / Statement Behavior,Sets the default table access method for new tables.,,user,string,default,,,,heap,heap,,,f
default_tablespace,,,Client Connection Defaults / Statement Behavior,Sets the default tablespace to create tables and indexes in.,An empty string selects the database's default tablespace.,user,string,default,,,,,,,,f
default_text_search_config,pg_catalog.russian,,Client Connection Defaults / Locale and Formatting,Sets default text search configuration.,,user,string,configuration file,,,,pg_catalog.simple,pg_catalog.russian,/data/cluster-af2-pgsql/postgresql.conf,695,f
default_toast_compression,pglz,,Client Connection Defaults / Statement Behavior,Sets the default compression method for compressible values.,,user,enum,default,,,"{pglz,lz4}",pglz,pglz,,,f
default_transaction_deferrable,off,,Client Connection Defaults / Statement Behavior,Sets the default deferrable status of new transactions.,,user,bool,default,,,,off,off,,,f
default_transaction_isolation,read committed,,Client Connection Defaults / Statement Behavior,Sets the transaction isolation level of each new transaction.,,user,enum,default,,,"{serializable,""repeatable read"",""read committed"",""read uncommitted""}",read committed,read committed,,,f
default_transaction_read_only,off,,Client Connection Defaults / Statement Behavior,Sets the default read-only status of new transactions.,,user,bool,default,,,,off,off,,,f
dynamic_library_path,$libdir,,Client Connection Defaults / Other Defaults,Sets the path for dynamically loadable modules.,"If a dynamically loadable module needs to be opened and the specified name does not have a directory component (i.e., the name does not contain a slash), the system will search this path for the specified file.",superuser,string,default,,,,$libdir,$libdir,,,f
dynamic_shared_memory_type,posix,,Resource Usage / Memory,Selects the dynamic shared memory implementation used.,,postmaster,enum,configuration file,,,"{posix,sysv,mmap}",posix,posix,/data/cluster-af2-pgsql/postgresql.conf,142,f
effective_cache_size,1474560,8kB,Query Tuning / Planner Cost Constants,Sets the planner's assumption about the total size of the data caches.,"That is, the total size of the caches (kernel cache and shared buffers) used for PostgreSQL data files. This is measured in disk pages, which are normally 8 kB each.",user,integer,configuration file,1,2147483647,,524288,1474560,/data/cluster-af2-pgsql/postgresql.conf,387,f
effective_io_concurrency,200,,Resource Usage / Asynchronous Behavior,Number of simultaneous requests that can be handled efficiently by the disk subsystem.,,user,integer,configuration file,0,1000,,1,200,/data/cluster-af2-pgsql/postgresql.conf,177,f
enable_async_append,on,,Query Tuning / Planner Method Configuration,Enables the planner's use of async append plans.,,user,bool,default,,,,on,on,,,f
enable_bitmapscan,on,,Query Tuning / Planner Method Configuration,Enables the planner's use of bitmap-scan plans.,,user,bool,default,,,,on,on,,,f
enable_gathermerge,on,,Query Tuning / Planner Method Configuration,Enables the planner's use of gather merge plans.,,user,bool,default,,,,on,on,,,f
enable_hashagg,on,,Query Tuning / Planner Method Configuration,Enables the planner's use of hashed aggregation plans.,,user,bool,default,,,,on,on,,,f
enable_hashjoin,on,,Query Tuning / Planner Method Configuration,Enables the planner's use of hash join plans.,,user,bool,default,,,,on,on,,,f
enable_incremental_sort,on,,Query Tuning / Planner Method Configuration,Enables the planner's use of incremental sort steps.,,user,bool,default,,,,on,on,,,f
enable_indexonlyscan,on,,Query Tuning / Planner Method Configuration,Enables the planner's use of index-only-scan plans.,,user,bool,default,,,,on,on,,,f
enable_indexscan,on,,Query Tuning / Planner Method Configuration,Enables the planner's use of index-scan plans.,,user,bool,default,,,,on,on,,,f
enable_material,on,,Query Tuning / Planner Method Configuration,Enables the planner's use of materialization.,,user,bool,default,,,,on,on,,,f
enable_memoize,on,,Query Tuning / Planner Method Configuration,Enables the planner's use of memoization.,,user,bool,default,,,,on,on,,,f
enable_mergejoin,on,,Query Tuning / Planner Method Configuration,Enables the planner's use of merge join plans.,,user,bool,default,,,,on,on,,,f
enable_nestloop,on,,Query Tuning / Planner Method Configuration,Enables the planner's use of nested-loop join plans.,,user,bool,default,,,,on,on,,,f
enable_parallel_append,on,,Query Tuning / Planner Method Configuration,Enables the planner's use of parallel append plans.,,user,bool,default,,,,on,on,,,f
enable_parallel_hash,on,,Query Tuning / Planner Method Configuration,Enables the planner's use of parallel hash plans.,,user,bool,default,,,,on,on,,,f
enable_partition_pruning,on,,Query Tuning / Planner Method Configuration,Enables plan-time and execution-time partition pruning.,Allows the query planner and executor to compare partition bounds to conditions in the query to determine which partitions must be scanned.,user,bool,default,,,,on,on,,,f
enable_partitionwise_aggregate,off,,Query Tuning / Planner Method Configuration,Enables partitionwise aggregation and grouping.,,user,bool,default,,,,off,off,,,f
enable_partitionwise_join,off,,Query Tuning / Planner Method Configuration,Enables partitionwise join.,,user,bool,default,,,,off,off,,,f
enable_seqscan,on,,Query Tuning / Planner Method Configuration,Enables the planner's use of sequential-scan plans.,,user,bool,default,,,,on,on,,,f
enable_sort,on,,Query Tuning / Planner Method Configuration,Enables the planner's use of explicit sort steps.,,user,bool,default,,,,on,on,,,f
enable_tidscan,on,,Query Tuning / Planner Method Configuration,Enables the planner's use of TID scan plans.,,user,bool,default,,,,on,on,,,f
escape_string_warning,on,,Version and Platform Compatibility / Previous PostgreSQL Versions,Warn about backslash escapes in ordinary string literals.,,user,bool,default,,,,on,on,,,f
event_source,PostgreSQL,,Reporting and Logging / Where to Log,Sets the application name used to identify PostgreSQL messages in the event log.,,postmaster,string,default,,,,PostgreSQL,PostgreSQL,,,f
exit_on_error,off,,Error Handling,Terminate session on any error.,,user,bool,default,,,,off,off,,,f
external_pid_file,,,File Locations,Writes the postmaster PID to the specified file.,,postmaster,string,default,,,,,,,,f
extra_float_digits,1,,Client Connection Defaults / Locale and Formatting,Sets the number of digits displayed for floating-point values.,"This affects real, double precision, and geometric data types. A zero or negative parameter value is added to the standard number of digits (FLT_DIG or DBL_DIG as appropriate). Any value greater than zero selects precise output mode.",user,integer,default,-15,3,,1,1,,,f
force_parallel_mode,off,,Developer Options,Forces use of parallel query facilities.,"If possible, run query using a parallel worker and with parallel restrictions.",user,enum,default,,,"{off,on,regress}",off,off,,,f
from_collapse_limit,8,,Query Tuning / Other Planner Options,Sets the FROM-list size beyond which subqueries are not collapsed.,The planner will merge subqueries into upper queries if the resulting FROM list would have no more than this many items.,user,integer,default,1,2147483647,,8,8,,,f
fsync,on,,Write-Ahead Log / Settings,Forces synchronization of updates to disk.,The server will use the fsync() system call in several places to make sure that updates are physically written to disk. This ensures that a database cluster will recover to a consistent state after an operating system or hardware crash.,sighup,bool,default,,,,on,on,,,f
full_page_writes,on,,Write-Ahead Log / Settings,Writes full pages to WAL when first modified after a checkpoint.,"A page write in process during an operating system crash might be only partially written to disk.  During recovery, the row changes stored in WAL are not enough to recover.  This option writes pages when first modified after a checkpoint to WAL so full recovery is possible.",sighup,bool,configuration file,,,,on,on,/data/cluster-af2-pgsql/postgresql.conf,210,f
geqo,on,,Query Tuning / Genetic Query Optimizer,Enables genetic query optimization.,This algorithm attempts to do planning without exhaustive searching.,user,bool,default,,,,on,on,,,f
geqo_effort,5,,Query Tuning / Genetic Query Optimizer,GEQO: effort is used to set the default for other GEQO parameters.,,user,integer,default,1,10,,5,5,,,f
geqo_generations,0,,Query Tuning / Genetic Query Optimizer,GEQO: number of iterations of the algorithm.,Zero selects a suitable default value.,user,integer,default,0,2147483647,,0,0,,,f
geqo_pool_size,0,,Query Tuning / Genetic Query Optimizer,GEQO: number of individuals in the population.,Zero selects a suitable default value.,user,integer,default,0,2147483647,,0,0,,,f
geqo_seed,0,,Query Tuning / Genetic Query Optimizer,GEQO: seed for random path selection.,,user,real,default,0,1,,0,0,,,f
geqo_selection_bias,2,,Query Tuning / Genetic Query Optimizer,GEQO: selective pressure within the population.,,user,real,default,1.5,2,,2,2,,,f
geqo_threshold,12,,Query Tuning / Genetic Query Optimizer,Sets the threshold of FROM items beyond which GEQO is used.,,user,integer,default,2,2147483647,,12,12,,,f
gin_fuzzy_search_limit,0,,Client Connection Defaults / Other Defaults,Sets the maximum allowed result for exact search by GIN.,,user,integer,default,0,2147483647,,0,0,,,f
gin_pending_list_limit,4096,kB,Client Connection Defaults / Statement Behavior,Sets the maximum size of the pending list for GIN index.,,user,integer,default,64,2147483647,,4096,4096,,,f
hash_mem_multiplier,1,,Resource Usage / Memory,Multiple of work_mem to use for hash tables.,,user,real,default,1,1000,,1,1,,,f
hba_file,/data/cluster-af2-pgsql/pg_hba.conf,,File Locations,"Sets the server's ""hba"" configuration file.",,postmaster,string,override,,,,,/data/cluster-af2-pgsql/pg_hba.conf,,,f
hot_standby,on,,Replication / Standby Servers,Allows connections and queries during recovery.,,postmaster,bool,default,,,,on,on,,,f
hot_standby_feedback,off,,Replication / Standby Servers,Allows feedback from a hot standby to the primary that will avoid query conflicts.,,sighup,bool,default,,,,off,off,,,f
huge_page_size,0,kB,Resource Usage / Memory,The size of huge page that should be requested.,,postmaster,integer,default,0,2147483647,,0,0,,,f
huge_pages,try,,Resource Usage / Memory,Use of huge pages on Linux or Windows.,,postmaster,enum,default,,,"{off,on,try}",try,try,,,f
ident_file,/data/cluster-af2-pgsql/pg_ident.conf,,File Locations,"Sets the server's ""ident"" configuration file.",,postmaster,string,override,,,,,/data/cluster-af2-pgsql/pg_ident.conf,,,f
idle_in_transaction_session_timeout,0,ms,Client Connection Defaults / Statement Behavior,"Sets the maximum allowed idle time between queries, when in a transaction.",A value of 0 turns off the timeout.,user,integer,default,0,2147483647,,0,0,,,f
idle_session_timeout,0,ms,Client Connection Defaults / Statement Behavior,"Sets the maximum allowed idle time between queries, when not in a transaction.",A value of 0 turns off the timeout.,user,integer,default,0,2147483647,,0,0,,,f
ignore_checksum_failure,off,,Developer Options,Continues processing after a checksum failure.,"Detection of a checksum failure normally causes PostgreSQL to report an error, aborting the current transaction. Setting ignore_checksum_failure to true causes the system to ignore the failure (but still report a warning), and continue processing. This behavior could cause crashes or other serious problems. Only has an effect if checksums are enabled.",superuser,bool,default,,,,off,off,,,f
ignore_invalid_pages,off,,Developer Options,Continues recovery after an invalid pages failure.,"Detection of WAL records having references to invalid pages during recovery causes PostgreSQL to raise a PANIC-level error, aborting the recovery. Setting ignore_invalid_pages to true causes the system to ignore invalid page references in WAL records (but still report a warning), and continue recovery. This behavior may cause crashes, data loss, propagate or hide corruption, or other serious problems. Only has an effect during recovery or in standby mode.",postmaster,bool,default,,,,off,off,,,f
ignore_system_indexes,off,,Developer Options,Disables reading from system indexes.,"It does not prevent updating the indexes, so it is safe to use.  The worst consequence is slowness.",backend,bool,default,,,,off,off,,,f
in_hot_standby,off,,Preset Options,Shows whether hot standby is currently active.,,internal,bool,default,,,,off,off,,,f
integer_datetimes,on,,Preset Options,Shows whether datetimes are integer based.,,internal,bool,default,,,,on,on,,,f
IntervalStyle,postgres,,Client Connection Defaults / Locale and Formatting,Sets the display format for interval values.,,user,enum,default,,,"{postgres,postgres_verbose,sql_standard,iso_8601}",postgres,postgres,,,f
jit,on,,Query Tuning / Other Planner Options,Allow JIT compilation.,,user,bool,default,,,,on,on,,,f
jit_above_cost,100000,,Query Tuning / Planner Cost Constants,Perform JIT compilation if query is more expensive.,-1 disables JIT compilation.,user,real,default,-1,1.79769e+308,,100000,100000,,,f
jit_debugging_support,off,,Developer Options,Register JIT-compiled functions with debugger.,,superuser-backend,bool,default,,,,off,off,,,f
jit_dump_bitcode,off,,Developer Options,Write out LLVM bitcode to facilitate JIT debugging.,,superuser,bool,default,,,,off,off,,,f
jit_expressions,on,,Developer Options,Allow JIT compilation of expressions.,,user,bool,default,,,,on,on,,,f
jit_inline_above_cost,500000,,Query Tuning / Planner Cost Constants,Perform JIT inlining if query is more expensive.,-1 disables inlining.,user,real,default,-1,1.79769e+308,,500000,500000,,,f
jit_optimize_above_cost,500000,,Query Tuning / Planner Cost Constants,Optimize JIT-compiled functions if query is more expensive.,-1 disables optimization.,user,real,default,-1,1.79769e+308,,500000,500000,,,f
jit_profiling_support,off,,Developer Options,Register JIT-compiled functions with perf profiler.,,superuser-backend,bool,default,,,,off,off,,,f
jit_provider,llvmjit,,Client Connection Defaults / Shared Library Preloading,JIT provider to use.,,postmaster,string,default,,,,llvmjit,llvmjit,,,f
jit_tuple_deforming,on,,Developer Options,Allow JIT compilation of tuple deforming.,,user,bool,default,,,,on,on,,,f
join_collapse_limit,8,,Query Tuning / Other Planner Options,Sets the FROM-list size beyond which JOIN constructs are not flattened.,The planner will flatten explicit JOIN constructs into lists of FROM items whenever a list of no more than this many items would result.,user,integer,default,1,2147483647,,8,8,,,f
krb_caseins_users,off,,Connections and Authentication / Authentication,Sets whether Kerberos and GSSAPI user names should be treated as case-insensitive.,,sighup,bool,default,,,,off,off,,,f
krb_server_keyfile,FILE:/etc/sysconfig/pgsql/krb5.keytab,,Connections and Authentication / Authentication,Sets the location of the Kerberos server key file.,,sighup,string,default,,,,FILE:/etc/sysconfig/pgsql/krb5.keytab,FILE:/etc/sysconfig/pgsql/krb5.keytab,,,f
lc_collate,C.UTF-8,,Preset Options,Shows the collation order locale.,,internal,string,override,,,,C,C.UTF-8,,,f
lc_ctype,C.UTF-8,,Preset Options,Shows the character classification and case conversion locale.,,internal,string,override,,,,C,C.UTF-8,,,f
lc_messages,en_US.UTF-8,,Client Connection Defaults / Locale and Formatting,Sets the language in which messages are displayed.,,superuser,string,configuration file,,,,,en_US.UTF-8,/data/cluster-af2-pgsql/postgresql.conf,688,f
lc_monetary,en_US.UTF-8,,Client Connection Defaults / Locale and Formatting,Sets the locale for formatting monetary amounts.,,user,string,configuration file,,,,C,en_US.UTF-8,/data/cluster-af2-pgsql/postgresql.conf,690,f
lc_numeric,en_US.UTF-8,,Client Connection Defaults / Locale and Formatting,Sets the locale for formatting numbers.,,user,string,configuration file,,,,C,en_US.UTF-8,/data/cluster-af2-pgsql/postgresql.conf,691,f
lc_time,en_US.UTF-8,,Client Connection Defaults / Locale and Formatting,Sets the locale for formatting date and time values.,,user,string,configuration file,,,,C,en_US.UTF-8,/data/cluster-af2-pgsql/postgresql.conf,692,f
listen_addresses,*,,Connections and Authentication / Connection Settings,Sets the host name or IP address(es) to listen to.,,postmaster,string,configuration file,,,,localhost,*,/data/cluster-af2-pgsql/postgresql.conf,60,f
lo_compat_privileges,off,,Version and Platform Compatibility / Previous PostgreSQL Versions,Enables backward compatibility mode for privilege checks on large objects.,"Skips privilege checks when reading or modifying large objects, for compatibility with PostgreSQL releases prior to 9.0.",superuser,bool,default,,,,off,off,,,f
local_preload_libraries,,,Client Connection Defaults / Shared Library Preloading,Lists unprivileged shared libraries to preload into each backend.,,user,string,default,,,,,,,,f
lock_timeout,0,ms,Client Connection Defaults / Statement Behavior,Sets the maximum allowed duration of any wait for a lock.,A value of 0 turns off the timeout.,user,integer,default,0,2147483647,,0,0,,,f
log_autovacuum_min_duration,-1,ms,Reporting and Logging / What to Log,Sets the minimum execution time above which autovacuum actions will be logged.,Zero prints all actions. -1 turns autovacuum logging off.,sighup,integer,default,-1,2147483647,,-1,-1,,,f
log_checkpoints,off,,Reporting and Logging / What to Log,Logs each checkpoint.,,sighup,bool,default,,,,off,off,,,f
log_connections,on,,Reporting and Logging / What to Log,Logs each successful connection.,,superuser-backend,bool,configuration file,,,,off,on,/data/cluster-af2-pgsql/postgresql.auto.conf,6,f
log_destination,"stderr, syslog",,Reporting and Logging / Where to Log,Sets the destination for server log output.,"Valid values are combinations of ""stderr"", ""syslog"", ""csvlog"", and ""eventlog"", depending on the platform.",sighup,string,configuration file,,,,stderr,"stderr, syslog",/data/cluster-af2-pgsql/postgresql.auto.conf,14,f
log_directory,/data/log/factor2,,Reporting and Logging / Where to Log,Sets the destination directory for log files.,Can be specified as relative to the data directory or as absolute path.,sighup,string,configuration file,,,,log,/data/log/factor2,/data/cluster-af2-pgsql/postgresql.conf,431,f
log_disconnections,on,,Reporting and Logging / What to Log,"Logs end of a session, including duration.",,superuser-backend,bool,configuration file,,,,off,on,/data/cluster-af2-pgsql/postgresql.auto.conf,7,f
log_duration,off,,Reporting and Logging / What to Log,Logs the duration of each completed SQL statement.,,superuser,bool,default,,,,off,off,,,f
log_error_verbosity,default,,Reporting and Logging / What to Log,Sets the verbosity of logged messages.,,superuser,enum,default,,,"{terse,default,verbose}",default,default,,,f
log_executor_stats,off,,Statistics / Monitoring,Writes executor performance statistics to the server log.,,superuser,bool,default,,,,off,off,,,f
log_file_mode,0600,,Reporting and Logging / Where to Log,Sets the file permissions for log files.,The parameter value is expected to be a numeric mode specification in the form accepted by the chmod and umask system calls. (To use the customary octal format the number must start with a 0 (zero).),sighup,integer,default,0,511,,384,384,,,f
log_filename,postgresql-%a.log,,Reporting and Logging / Where to Log,Sets the file name pattern for log files.,,sighup,string,configuration file,,,,postgresql-%Y-%m-%d_%H%M%S.log,postgresql-%a.log,/data/cluster-af2-pgsql/postgresql.auto.conf,17,f
log_hostname,off,,Reporting and Logging / What to Log,Logs the host name in the connection logs.,"By default, connection logs only show the IP address of the connecting host. If you want them to show the host name you can turn this on, but depending on your host name resolution setup it might impose a non-negligible performance penalty.",sighup,bool,default,,,,off,off,,,f
log_line_prefix,<%m:%r:%u@%d:[%p]:[%c]>,,Reporting and Logging / What to Log,Controls information prefixed to each log line.,"If blank, no prefix is used.",sighup,string,configuration file,,,,%m [%p] ,<%m:%r:%u@%d:[%p]:[%c]>,/data/cluster-af2-pgsql/postgresql.auto.conf,8,f
log_lock_waits,off,,Reporting and Logging / What to Log,Logs long lock waits.,,superuser,bool,default,,,,off,off,,,f
log_min_duration_sample,-1,ms,Reporting and Logging / When to Log,Sets the minimum execution time above which a sample of statements will be logged. Sampling is determined by log_statement_sample_rate.,Zero logs a sample of all queries. -1 turns this feature off.,superuser,integer,default,-1,2147483647,,-1,-1,,,f
log_min_duration_statement,-1,ms,Reporting and Logging / When to Log,Sets the minimum execution time above which all statements will be logged.,Zero prints all queries. -1 turns this feature off.,superuser,integer,configuration file,-1,2147483647,,-1,-1,/data/cluster-af2-pgsql/postgresql.auto.conf,34,f
log_min_error_statement,panic,,Reporting and Logging / When to Log,Causes all statements generating error at or above this level to be logged.,"Each level includes all the levels that follow it. The later the level, the fewer messages are sent.",superuser,enum,configuration file,,,"{debug5,debug4,debug3,debug2,debug1,info,notice,warning,error,log,fatal,panic}",error,panic,/data/cluster-af2-pgsql/postgresql.auto.conf,12,f
log_min_messages,notice,,Reporting and Logging / When to Log,Sets the message levels that are logged.,"Each level includes all the levels that follow it. The later the level, the fewer messages are sent.",superuser,enum,configuration file,,,"{debug5,debug4,debug3,debug2,debug1,info,notice,warning,error,log,fatal,panic}",warning,notice,/data/cluster-af2-pgsql/postgresql.auto.conf,13,f
log_parameter_max_length,-1,B,Reporting and Logging / What to Log,"When logging statements, limit logged parameter values to first N bytes.",-1 to print values in full.,superuser,integer,default,-1,1073741823,,-1,-1,,,f
log_parameter_max_length_on_error,0,B,Reporting and Logging / What to Log,"When reporting an error, limit logged parameter values to first N bytes.",-1 to print values in full.,user,integer,default,-1,1073741823,,0,0,,,f
log_parser_stats,off,,Statistics / Monitoring,Writes parser performance statistics to the server log.,,superuser,bool,default,,,,off,off,,,f
log_planner_stats,off,,Statistics / Monitoring,Writes planner performance statistics to the server log.,,superuser,bool,default,,,,off,off,,,f
log_recovery_conflict_waits,off,,Reporting and Logging / What to Log,Logs standby recovery conflict waits.,,sighup,bool,default,,,,off,off,,,f
log_replication_commands,off,,Reporting and Logging / What to Log,Logs each replication command.,,superuser,bool,default,,,,off,off,,,f
log_rotation_age,1440,min,Reporting and Logging / Where to Log,Automatic log file rotation will occur after N minutes.,,sighup,integer,configuration file,0,35791394,,1440,1440,/data/cluster-af2-pgsql/postgresql.auto.conf,20,f
log_rotation_size,0,kB,Reporting and Logging / Where to Log,Automatic log file rotation will occur after N kilobytes.,,sighup,integer,configuration file,0,2097151,,10240,0,/data/cluster-af2-pgsql/postgresql.conf,447,f
log_statement,none,,Reporting and Logging / What to Log,Sets the type of statements logged.,,superuser,enum,configuration file,,,"{none,ddl,mod,all}",none,none,/data/cluster-af2-pgsql/postgresql.auto.conf,33,f
log_statement_sample_rate,1,,Reporting and Logging / When to Log,Fraction of statements exceeding log_min_duration_sample to be logged.,Use a value between 0.0 (never log) and 1.0 (always log).,superuser,real,default,0,1,,1,1,,,f
log_statement_stats,off,,Statistics / Monitoring,Writes cumulative performance statistics to the server log.,,superuser,bool,default,,,,off,off,,,f
log_temp_files,-1,kB,Reporting and Logging / What to Log,Log the use of temporary files larger than this number of kilobytes.,Zero logs all files. The default is -1 (turning this feature off).,superuser,integer,default,-1,2147483647,,-1,-1,,,f
log_timezone,Europe/Moscow,,Reporting and Logging / What to Log,Sets the time zone to use in log messages.,,sighup,string,configuration file,,,,GMT,Europe/Moscow,/data/cluster-af2-pgsql/postgresql.auto.conf,16,f
log_transaction_sample_rate,0,,Reporting and Logging / When to Log,Sets the fraction of transactions from which to log all statements.,Use a value between 0.0 (never log) and 1.0 (log all statements for all transactions).,superuser,real,default,0,1,,0,0,,,f
log_truncate_on_rotation,on,,Reporting and Logging / Where to Log,Truncate existing log files of same name during log rotation.,,sighup,bool,configuration file,,,,off,on,/data/cluster-af2-pgsql/postgresql.auto.conf,19,f
logging_collector,on,,Reporting and Logging / Where to Log,Start a subprocess to capture stderr output and/or csvlogs into log files.,,postmaster,bool,configuration file,,,,off,on,/data/cluster-af2-pgsql/postgresql.conf,425,f
logical_decoding_work_mem,65536,kB,Resource Usage / Memory,Sets the maximum memory to be used for logical decoding.,This much memory can be used by each internal reorder buffer before spilling to disk.,user,integer,default,64,2147483647,,65536,65536,,,f
maintenance_io_concurrency,10,,Resource Usage / Asynchronous Behavior,A variant of effective_io_concurrency that is used for maintenance work.,,user,integer,default,0,1000,,10,10,,,f
maintenance_work_mem,983040,kB,Resource Usage / Memory,Sets the maximum memory to be used for maintenance operations.,This includes operations such as VACUUM and CREATE INDEX.,user,integer,configuration file,1024,2147483647,,65536,983040,/data/cluster-af2-pgsql/postgresql.conf,132,f
max_connections,200,,Connections and Authentication / Connection Settings,Sets the maximum number of concurrent connections.,,postmaster,integer,configuration file,1,262143,,100,200,/data/cluster-af2-pgsql/postgresql.auto.conf,21,t
max_files_per_process,1000,,Resource Usage / Kernel Resources,Sets the maximum number of simultaneously open files for each server process.,,postmaster,integer,default,64,2147483647,,1000,1000,,,f
max_function_args,100,,Preset Options,Shows the maximum number of function arguments.,,internal,integer,default,100,100,,100,100,,,f
max_identifier_length,63,,Preset Options,Shows the maximum identifier length.,,internal,integer,default,63,63,,63,63,,,f
max_index_keys,32,,Preset Options,Shows the maximum number of index keys.,,internal,integer,default,32,32,,32,32,,,f
max_locks_per_transaction,64,,Lock Management,Sets the maximum number of locks per transaction.,The shared lock table is sized on the assumption that at most max_locks_per_transaction * max_connections distinct objects will need to be locked at any one time.,postmaster,integer,default,10,2147483647,,64,64,,,f
max_logical_replication_workers,4,,Replication / Subscribers,Maximum number of logical replication worker processes.,,postmaster,integer,default,0,262143,,4,4,,,f
max_parallel_maintenance_workers,3,,Resource Usage / Asynchronous Behavior,Sets the maximum number of parallel processes per maintenance operation.,,user,integer,configuration file,0,1024,,2,3,/data/cluster-af2-pgsql/postgresql.conf,180,f
max_parallel_workers,5,,Resource Usage / Asynchronous Behavior,Sets the maximum number of parallel workers that can be active at one time.,,user,integer,configuration file,0,1024,,8,5,/data/cluster-af2-pgsql/postgresql.conf,183,f
max_parallel_workers_per_gather,3,,Resource Usage / Asynchronous Behavior,Sets the maximum number of parallel processes per executor node.,,user,integer,configuration file,0,1024,,2,3,/data/cluster-af2-pgsql/postgresql.conf,181,f
max_pred_locks_per_page,2,,Lock Management,Sets the maximum number of predicate-locked tuples per page.,"If more than this number of tuples on the same page are locked by a connection, those locks are replaced by a page-level lock.",sighup,integer,default,0,2147483647,,2,2,,,f
max_pred_locks_per_relation,-2,,Lock Management,Sets the maximum number of predicate-locked pages and tuples per relation.,"If more than this total of pages and tuples in the same relation are locked by a connection, those locks are replaced by a relation-level lock.",sighup,integer,default,-2147483648,2147483647,,-2,-2,,,f
max_pred_locks_per_transaction,64,,Lock Management,Sets the maximum number of predicate locks per transaction.,The shared predicate lock table is sized on the assumption that at most max_pred_locks_per_transaction * max_connections distinct objects will need to be locked at any one time.,postmaster,integer,default,10,2147483647,,64,64,,,f
max_prepared_transactions,0,,Resource Usage / Memory,Sets the maximum number of simultaneously prepared transactions.,,postmaster,integer,default,0,262143,,0,0,,,f
max_replication_slots,70,,Replication / Sending Servers,Sets the maximum number of simultaneously defined replication slots.,,postmaster,integer,configuration file,0,262143,,10,70,/data/cluster-af2-pgsql/postgresql.auto.conf,24,f
max_slot_wal_keep_size,-1,MB,Replication / Sending Servers,Sets the maximum WAL size that can be reserved by replication slots.,"Replication slots will be marked as failed, and segments released for deletion or recycling, if this much space is occupied by WAL on disk.",sighup,integer,default,-1,2147483647,,-1,-1,,,f
max_stack_depth,2048,kB,Resource Usage / Memory,"Sets the maximum stack depth, in kilobytes.",,superuser,integer,environment variable,100,2147483647,,100,2048,,,f
max_standby_archive_delay,30000,ms,Replication / Standby Servers,Sets the maximum delay before canceling queries when a hot standby server is processing archived WAL data.,,sighup,integer,default,-1,2147483647,,30000,30000,,,f
max_standby_streaming_delay,30000,ms,Replication / Standby Servers,Sets the maximum delay before canceling queries when a hot standby server is processing streamed WAL data.,,sighup,integer,default,-1,2147483647,,30000,30000,,,f
max_sync_workers_per_subscription,2,,Replication / Subscribers,Maximum number of table synchronization workers per subscription.,,sighup,integer,default,0,262143,,2,2,,,f
max_wal_senders,20,,Replication / Sending Servers,Sets the maximum number of simultaneously running WAL sender processes.,,postmaster,integer,configuration file,0,262143,,10,20,/data/cluster-af2-pgsql/postgresql.auto.conf,23,f
max_wal_size,4096,MB,Write-Ahead Log / Checkpoints,Sets the WAL size that triggers a checkpoint.,,sighup,integer,configuration file,2,2147483647,,1024,4096,/data/cluster-af2-pgsql/postgresql.conf,228,f
max_worker_processes,20,,Resource Usage / Asynchronous Behavior,Maximum number of concurrent worker processes.,,postmaster,integer,configuration file,0,262143,,8,20,/data/cluster-af2-pgsql/postgresql.auto.conf,22,f
min_dynamic_shared_memory,0,MB,Resource Usage / Memory,Amount of dynamic shared memory reserved at startup.,,postmaster,integer,default,0,2147483647,,0,0,,,f
min_parallel_index_scan_size,64,8kB,Query Tuning / Planner Cost Constants,Sets the minimum amount of index data for a parallel scan.,"If the planner estimates that it will read a number of index pages too small to reach this limit, a parallel scan will not be considered.",user,integer,default,0,715827882,,64,64,,,f
min_parallel_table_scan_size,1024,8kB,Query Tuning / Planner Cost Constants,Sets the minimum amount of table data for a parallel scan.,"If the planner estimates that it will read a number of table pages too small to reach this limit, a parallel scan will not be considered.",user,integer,default,0,715827882,,1024,1024,,,f
min_wal_size,1024,MB,Write-Ahead Log / Checkpoints,Sets the minimum size to shrink the WAL to.,,sighup,integer,configuration file,2,2147483647,,80,1024,/data/cluster-af2-pgsql/postgresql.conf,229,f
old_snapshot_threshold,-1,min,Resource Usage / Asynchronous Behavior,Time before a snapshot is too old to read pages changed after the snapshot was taken.,A value of -1 disables this feature.,postmaster,integer,default,-1,86400,,-1,-1,,,f
parallel_leader_participation,on,,Resource Usage / Asynchronous Behavior,Controls whether Gather and Gather Merge also run subplans.,Should gather nodes also run subplans or just gather tuples?,user,bool,default,,,,on,on,,,f
parallel_setup_cost,1000,,Query Tuning / Planner Cost Constants,Sets the planner's estimate of the cost of starting up worker processes for parallel query.,,user,real,default,0,1.79769e+308,,1000,1000,,,f
parallel_tuple_cost,0.1,,Query Tuning / Planner Cost Constants,Sets the planner's estimate of the cost of passing each tuple (row) from worker to leader backend.,,user,real,default,0,1.79769e+308,,0.1,0.1,,,f
password_encryption,md5,,Connections and Authentication / Authentication,Chooses the algorithm for encrypting passwords.,,user,enum,configuration file,,,"{md5,scram-sha-256}",scram-sha-256,md5,/data/cluster-af2-pgsql/postgresql.conf,92,f
pg_stat_kcache.linux_hz,1000000,,Customized Options,Inform pg_stat_kcache of the linux CONFIG_HZ config option,"This is used by pg_stat_kcache to compensate for sampling errors in getrusage due to the kernel adhering to its ticks. The default value, -1, tries to guess it at startup. ",user,integer,default,-1,2147483647,,-1,1000000,,,f
pg_stat_kcache.track,top,,Customized Options,Selects which statements are tracked by pg_stat_kcache.,,superuser,enum,default,,,"{none,top,all}",top,top,,,f
pg_stat_kcache.track_planning,off,,Customized Options,Selects whether planning duration is tracked by pg_stat_cache.,,superuser,bool,default,,,,off,off,,,f
pg_stat_statements.max,5000,,Customized Options,Sets the maximum number of statements tracked by pg_stat_statements.,,postmaster,integer,default,100,1073741823,,5000,5000,,,f
pg_stat_statements.save,on,,Customized Options,Save pg_stat_statements statistics across server shutdowns.,,sighup,bool,default,,,,on,on,,,f
pg_stat_statements.track,top,,Customized Options,Selects which statements are tracked by pg_stat_statements.,,superuser,enum,default,,,"{none,top,all}",top,top,,,f
pg_stat_statements.track_planning,off,,Customized Options,Selects whether planning duration is tracked by pg_stat_statements.,,superuser,bool,default,,,,off,off,,,f
pg_stat_statements.track_utility,on,,Customized Options,Selects whether utility commands are tracked by pg_stat_statements.,,superuser,bool,default,,,,on,on,,,f
pg_wait_sampling.history_period,10,,Customized Options,Sets period of waits history sampling.,,superuser,integer,default,1,2147483647,,10,10,,,f
pg_wait_sampling.history_size,5000,,Customized Options,Sets size of waits history.,,superuser,integer,default,100,2147483647,,5000,5000,,,f
pg_wait_sampling.profile_period,10,,Customized Options,Sets period of waits profile sampling.,,superuser,integer,default,1,2147483647,,10,10,,,f
pg_wait_sampling.profile_pid,on,,Customized Options,Sets whether profile should be collected per pid.,,superuser,bool,default,,,,on,on,,,f
pg_wait_sampling.profile_queries,on,,Customized Options,Sets whether profile should be collected per query.,,superuser,bool,default,,,,on,on,,,f
pgaudit.log,"role,ddl,misc,misc_set",,Customized Options,Specifies which classes of statements will be logged by session audit logging. Multiple classes can be provided using a comma-separated list and classes can be subtracted by prefacing the class with a - sign.,,superuser,string,configuration file,,,,none,"role,ddl,misc,misc_set",/data/cluster-af2-pgsql/postgresql.auto.conf,9,f
pgaudit.log_autoclose_minutes,10,min,Customized Options,Automatic spool file closure by backend after N minutes of inactivity,,sighup,integer,configuration file,0,35791394,,0,10,/data/cluster-af2-pgsql/postgresql.auto.conf,32,f
pgaudit.log_catalog,on,,Customized Options,Specifies that session logging should be enabled in the case where all relations in a statement are in pg_catalog.  Disabling this setting will reduce noise in the log from tools like psql and PgAdmin that query the catalog heavily.,,superuser,bool,default,,,,on,on,,,f
pgaudit.log_client,off,,Customized Options,Specifies whether audit messages should be visible to the client. This setting should generally be left disabled but may be useful for debugging or other purposes.,,superuser,bool,default,,,,off,off,,,f
pgaudit.log_connections,on,,Customized Options,Intercepts log_connections messages,,sighup,bool,configuration file,,,,off,on,/data/cluster-af2-pgsql/postgresql.auto.conf,10,f
pgaudit.log_directory,log,,Customized Options,Directory where to spool log data,,sighup,string,configuration file,,,,log,log,/data/cluster-af2-pgsql/postgresql.auto.conf,35,f
pgaudit.log_disconnections,on,,Customized Options,Intercepts log_disconnections messages,,sighup,bool,configuration file,,,,off,on,/data/cluster-af2-pgsql/postgresql.auto.conf,11,f
pgaudit.log_filename,audit_acrsight-%a.log,,Customized Options,Filename with time patterns (up to minutes) where to spool audit data,,sighup,string,configuration file,,,,audit-%Y%m%d_%H%M.log,audit_acrsight-%a.log,/data/cluster-af2-pgsql/postgresql.auto.conf,18,f
pgaudit.log_level,log,,Customized Options,Specifies the log level that will be used for log entries. This setting is used for regression testing and may also be useful to end users for testing or other purposes.  It is not intended to be used in a production environment as it may leak which statements are being logged to the user.,,superuser,string,default,,,,log,log,,,f
pgaudit.log_parameter,off,,Customized Options,Specifies that audit logging should include the parameters that were passed with the statement. When parameters are present they will be be included in CSV format after the statement text.,,superuser,bool,default,,,,off,off,,,f
pgaudit.log_relation,off,,Customized Options,Specifies whether session audit logging should create a separate log entry for each relation referenced in a SELECT or DML statement. This is a useful shortcut for exhaustive logging without using object audit logging.,,superuser,bool,default,,,,off,off,,,f
pgaudit.log_rotation_age,1440,min,Customized Options,Automatic spool file rotation will occur after N minutes,,sighup,integer,default,1,35791394,,1440,1440,,,f
pgaudit.log_rows,off,,Customized Options,Specifies whether logging will include the rows retrieved or affected by a statement.,,superuser,bool,default,,,,off,off,,,f
pgaudit.log_statement,on,,Customized Options,"Specifies whether logging will include the statement text and parameters.  Depending on requirements, the full statement text might not be required in the audit log.",,superuser,bool,default,,,,on,on,,,f
pgaudit.log_statement_once,off,,Customized Options,"Specifies whether logging will include the statement text and parameters with the first log entry for a statement/substatement combination or with every entry.  Disabling this setting will result in less verbose logging but may make it more difficult to determine the statement that generated a log entry, though the statement/substatement pair along with the process id should suffice to identify the statement text logged with a previous entry.",,superuser,bool,default,,,,off,off,,,f
pgaudit.role,auditor,,Customized Options,Specifies the master role to use for object audit logging.  Muliple audit roles can be defined by granting them to the master role. This allows multiple groups to be in charge of different aspects of audit logging.,,superuser,string,configuration file,,,,,auditor,/data/cluster-af2-pgsql/postgresql.auto.conf,15,f
plan_cache_mode,auto,,Query Tuning / Other Planner Options,Controls the planner's selection of custom or generic plan.,"Prepared statements can have custom and generic plans, and the planner will attempt to choose which is better.  This can be set to override the default behavior.",user,enum,default,,,"{auto,force_generic_plan,force_custom_plan}",auto,auto,,,f
port,5432,,Connections and Authentication / Connection Settings,Sets the TCP port the server listens on.,,postmaster,integer,configuration file,1,65535,,5432,5432,/data/cluster-af2-pgsql/postgresql.conf,64,f
post_auth_delay,0,s,Developer Options,Waits N seconds on connection startup after authentication.,This allows attaching a debugger to the process.,backend,integer,default,0,2147,,0,0,,,f
pre_auth_delay,0,s,Developer Options,Waits N seconds on connection startup before authentication.,This allows attaching a debugger to the process.,sighup,integer,default,0,60,,0,0,,,f
primary_conninfo,,,Replication / Standby Servers,Sets the connection string to be used to connect to the sending server.,,sighup,string,default,,,,,,,,f
primary_slot_name,,,Replication / Standby Servers,Sets the name of the replication slot to use on the sending server.,,sighup,string,default,,,,,,,,f
promote_trigger_file,,,Replication / Standby Servers,Specifies a file name whose presence ends recovery in the standby.,,sighup,string,default,,,,,,,,f
quote_all_identifiers,off,,Version and Platform Compatibility / Previous PostgreSQL Versions,"When generating SQL fragments, quote all identifiers.",,user,bool,default,,,,off,off,,,f
random_page_cost,1.1,,Query Tuning / Planner Cost Constants,Sets the planner's estimate of the cost of a nonsequentially fetched disk page.,,user,real,configuration file,0,1.79769e+308,,4,1.1,/data/cluster-af2-pgsql/postgresql.conf,369,f
recovery_end_command,,,Write-Ahead Log / Archive Recovery,Sets the shell command that will be executed once at the end of recovery.,,sighup,string,default,,,,,,,,f
recovery_init_sync_method,fsync,,Error Handling,Sets the method for synchronizing the data directory before crash recovery.,,sighup,enum,default,,,"{fsync,syncfs}",fsync,fsync,,,f
recovery_min_apply_delay,0,ms,Replication / Standby Servers,Sets the minimum delay for applying changes during recovery.,,sighup,integer,default,0,2147483647,,0,0,,,f
recovery_target,,,Write-Ahead Log / Recovery Target,"Set to ""immediate"" to end recovery as soon as a consistent state is reached.",,postmaster,string,default,,,,,,,,f
recovery_target_action,pause,,Write-Ahead Log / Recovery Target,Sets the action to perform upon reaching the recovery target.,,postmaster,enum,default,,,"{pause,promote,shutdown}",pause,pause,,,f
recovery_target_inclusive,on,,Write-Ahead Log / Recovery Target,Sets whether to include or exclude transaction with recovery target.,,postmaster,bool,default,,,,on,on,,,f
recovery_target_lsn,,,Write-Ahead Log / Recovery Target,Sets the LSN of the write-ahead log location up to which recovery will proceed.,,postmaster,string,default,,,,,,,,f
recovery_target_name,,,Write-Ahead Log / Recovery Target,Sets the named restore point up to which recovery will proceed.,,postmaster,string,default,,,,,,,,f
recovery_target_time,,,Write-Ahead Log / Recovery Target,Sets the time stamp up to which recovery will proceed.,,postmaster,string,default,,,,,,,,f
recovery_target_timeline,latest,,Write-Ahead Log / Recovery Target,Specifies the timeline to recover into.,,postmaster,string,default,,,,latest,latest,,,f
recovery_target_xid,,,Write-Ahead Log / Recovery Target,Sets the transaction ID up to which recovery will proceed.,,postmaster,string,default,,,,,,,,f
remove_temp_files_after_crash,on,,Developer Options,Remove temporary files after backend crash.,,sighup,bool,default,,,,on,on,,,f
restart_after_crash,on,,Error Handling,Reinitialize server after backend crash.,,sighup,bool,default,,,,on,on,,,f
restore_command,,,Write-Ahead Log / Archive Recovery,Sets the shell command that will be called to retrieve an archived WAL file.,,sighup,string,default,,,,,,,,f
row_security,on,,Client Connection Defaults / Statement Behavior,Enable row security.,"When enabled, row security will be applied to all users.",user,bool,default,,,,on,on,,,f
search_path,"""$user"", public",,Client Connection Defaults / Statement Behavior,Sets the schema search order for names that are not schema-qualified.,,user,string,default,,,,"""$user"", public","""$user"", public",,,f
segment_size,131072,8kB,Preset Options,Shows the number of pages per disk file.,,internal,integer,default,131072,131072,,131072,131072,,,f
seq_page_cost,1,,Query Tuning / Planner Cost Constants,Sets the planner's estimate of the cost of a sequentially fetched disk page.,,user,real,default,0,1.79769e+308,,1,1,,,f
server_encoding,UTF8,,Preset Options,Shows the server (database) character set encoding.,,internal,string,override,,,,SQL_ASCII,UTF8,,,f
server_version,14.12,,Preset Options,Shows the server version.,,internal,string,default,,,,14.12,14.12,,,f
server_version_num,140012,,Preset Options,Shows the server version as an integer.,,internal,integer,default,140012,140012,,140012,140012,,,f
session_preload_libraries,auto_explain,,Client Connection Defaults / Shared Library Preloading,Lists shared libraries to preload into each backend.,,superuser,string,configuration file,,,,,auto_explain,/data/cluster-af2-pgsql/postgresql.auto.conf,36,f
session_replication_role,origin,,Client Connection Defaults / Statement Behavior,Sets the session's behavior for triggers and rewrite rules.,,superuser,enum,default,,,"{origin,replica,local}",origin,origin,,,f
shared_buffers,491520,8kB,Resource Usage / Memory,Sets the number of shared memory buffers used by the server.,,postmaster,integer,configuration file,16,1073741823,,1024,491520,/data/cluster-af2-pgsql/postgresql.conf,121,f
shared_memory_type,mmap,,Resource Usage / Memory,Selects the shared memory implementation used for the main shared memory region.,,postmaster,enum,default,,,"{sysv,mmap}",mmap,mmap,,,f
shared_preload_libraries,"pg_stat_statements,pg_cron,pg_stat_kcache,pg_wait_sampling,pgaudit,pgauditlogtofile",,Client Connection Defaults / Shared Library Preloading,Lists shared libraries to preload into server.,,postmaster,string,configuration file,,,,,"pg_stat_statements,pg_cron,pg_stat_kcache,pg_wait_sampling,pgaudit,pgauditlogtofile",/data/cluster-af2-pgsql/postgresql.conf,699,f
ssl,off,,Connections and Authentication / SSL,Enables SSL connections.,,sighup,bool,default,,,,off,off,,,f
ssl_ca_file,,,Connections and Authentication / SSL,Location of the SSL certificate authority file.,,sighup,string,default,,,,,,,,f
ssl_cert_file,server.crt,,Connections and Authentication / SSL,Location of the SSL server certificate file.,,sighup,string,default,,,,server.crt,server.crt,,,f
ssl_ciphers,HIGH:MEDIUM:+3DES:!aNULL,,Connections and Authentication / SSL,Sets the list of allowed SSL ciphers.,,sighup,string,default,,,,HIGH:MEDIUM:+3DES:!aNULL,HIGH:MEDIUM:+3DES:!aNULL,,,f
ssl_crl_dir,,,Connections and Authentication / SSL,Location of the SSL certificate revocation list directory.,,sighup,string,default,,,,,,,,f
ssl_crl_file,,,Connections and Authentication / SSL,Location of the SSL certificate revocation list file.,,sighup,string,default,,,,,,,,f
ssl_dh_params_file,,,Connections and Authentication / SSL,Location of the SSL DH parameters file.,,sighup,string,default,,,,,,,,f
ssl_ecdh_curve,prime256v1,,Connections and Authentication / SSL,Sets the curve to use for ECDH.,,sighup,string,default,,,,prime256v1,prime256v1,,,f
ssl_key_file,server.key,,Connections and Authentication / SSL,Location of the SSL server private key file.,,sighup,string,default,,,,server.key,server.key,,,f
ssl_library,OpenSSL,,Preset Options,Shows the name of the SSL library.,,internal,string,default,,,,OpenSSL,OpenSSL,,,f
ssl_max_protocol_version,,,Connections and Authentication / SSL,Sets the maximum SSL/TLS protocol version to use.,,sighup,enum,default,,,"{"""",TLSv1,TLSv1.1,TLSv1.2,TLSv1.3}",,,,,f
ssl_min_protocol_version,TLSv1.2,,Connections and Authentication / SSL,Sets the minimum SSL/TLS protocol version to use.,,sighup,enum,default,,,"{TLSv1,TLSv1.1,TLSv1.2,TLSv1.3}",TLSv1.2,TLSv1.2,,,f
ssl_passphrase_command,,,Connections and Authentication / SSL,Command to obtain passphrases for SSL.,,sighup,string,default,,,,,,,,f
ssl_passphrase_command_supports_reload,off,,Connections and Authentication / SSL,Also use ssl_passphrase_command during server reload.,,sighup,bool,default,,,,off,off,,,f
ssl_prefer_server_ciphers,on,,Connections and Authentication / SSL,Give priority to server ciphersuite order.,,sighup,bool,default,,,,on,on,,,f
standard_conforming_strings,on,,Version and Platform Compatibility / Previous PostgreSQL Versions,Causes '...' strings to treat backslashes literally.,,user,bool,default,,,,on,on,,,f
statement_timeout,0,ms,Client Connection Defaults / Statement Behavior,Sets the maximum allowed duration of any statement.,A value of 0 turns off the timeout.,user,integer,default,0,2147483647,,0,0,,,f
stats_temp_directory,pg_stat_tmp,,Statistics / Query and Index Statistics Collector,Writes temporary statistics files to the specified directory.,,sighup,string,default,,,,pg_stat_tmp,pg_stat_tmp,,,f
superuser_reserved_connections,3,,Connections and Authentication / Connection Settings,Sets the number of connection slots reserved for superusers.,,postmaster,integer,default,0,262143,,3,3,,,f
synchronize_seqscans,on,,Version and Platform Compatibility / Previous PostgreSQL Versions,Enable synchronized sequential scans.,,user,bool,default,,,,on,on,,,f
synchronous_commit,on,,Write-Ahead Log / Settings,Sets the current transaction's synchronization level.,,user,enum,default,,,"{local,remote_write,remote_apply,on,off}",on,on,,,f
synchronous_standby_names,,,Replication / Primary Server,Number of synchronous standbys and list of names of potential synchronous ones.,,sighup,string,default,,,,,,,,f
syslog_facility,local0,,Reporting and Logging / Where to Log,"Sets the syslog ""facility"" to be used when syslog enabled.",,sighup,enum,default,,,"{local0,local1,local2,local3,local4,local5,local6,local7}",local0,local0,,,f
syslog_ident,postgres,,Reporting and Logging / Where to Log,Sets the program name used to identify PostgreSQL messages in syslog.,,sighup,string,default,,,,postgres,postgres,,,f
syslog_sequence_numbers,on,,Reporting and Logging / Where to Log,Add sequence number to syslog messages to avoid duplicate suppression.,,sighup,bool,default,,,,on,on,,,f
syslog_split_messages,on,,Reporting and Logging / Where to Log,Split messages sent to syslog by lines and to fit into 1024 bytes.,,sighup,bool,default,,,,on,on,,,f
tcp_keepalives_count,9,,Connections and Authentication / Connection Settings,Maximum number of TCP keepalive retransmits.,This controls the number of consecutive keepalive retransmits that can be lost before a connection is considered dead. A value of 0 uses the system default.,user,integer,default,0,2147483647,,0,0,,,f
tcp_keepalives_idle,7200,s,Connections and Authentication / Connection Settings,Time between issuing TCP keepalives.,A value of 0 uses the system default.,user,integer,default,0,2147483647,,0,0,,,f
tcp_keepalives_interval,75,s,Connections and Authentication / Connection Settings,Time between TCP keepalive retransmits.,A value of 0 uses the system default.,user,integer,default,0,2147483647,,0,0,,,f
tcp_user_timeout,0,ms,Connections and Authentication / Connection Settings,TCP user timeout.,A value of 0 uses the system default.,user,integer,default,0,2147483647,,0,0,,,f
temp_buffers,1024,8kB,Resource Usage / Memory,Sets the maximum number of temporary buffers used by each session.,,user,integer,default,100,1073741823,,1024,1024,,,f
temp_file_limit,-1,kB,Resource Usage / Disk,Limits the total size of all temporary files used by each process.,-1 means no limit.,superuser,integer,default,-1,2147483647,,-1,-1,,,f
temp_tablespaces,,,Client Connection Defaults / Statement Behavior,Sets the tablespace(s) to use for temporary tables and sort files.,,user,string,default,,,,,,,,f
TimeZone,Europe/Moscow,,Client Connection Defaults / Locale and Formatting,Sets the time zone for displaying and interpreting time stamps.,,user,string,configuration file,,,,GMT,Europe/Moscow,/data/cluster-af2-pgsql/postgresql.conf,674,f
timezone_abbreviations,Default,,Client Connection Defaults / Locale and Formatting,Selects a file of time zone abbreviations.,,user,string,default,,,,,Default,,,f
trace_notify,off,,Developer Options,Generates debugging output for LISTEN and NOTIFY.,,user,bool,default,,,,off,off,,,f
trace_recovery_messages,log,,Developer Options,Enables logging of recovery-related debugging information.,"Each level includes all the levels that follow it. The later the level, the fewer messages are sent.",sighup,enum,default,,,"{debug5,debug4,debug3,debug2,debug1,log,notice,warning,error}",log,log,,,f
trace_sort,off,,Developer Options,Emit information about resource usage in sorting.,,user,bool,default,,,,off,off,,,f
track_activities,on,,Statistics / Query and Index Statistics Collector,Collects information about executing commands.,"Enables the collection of information on the currently executing command of each session, along with the time at which that command began execution.",superuser,bool,default,,,,on,on,,,f
track_activity_query_size,10000,B,Statistics / Query and Index Statistics Collector,"Sets the size reserved for pg_stat_activity.query, in bytes.",,postmaster,integer,configuration file,100,1048576,,1024,10000,/data/cluster-af2-pgsql/postgresql.auto.conf,39,f
track_commit_timestamp,off,,Replication / Sending Servers,Collects transaction commit time.,,postmaster,bool,default,,,,off,off,,,f
track_counts,on,,Statistics / Query and Index Statistics Collector,Collects statistics on database activity.,,superuser,bool,default,,,,on,on,,,f
track_functions,all,,Statistics / Query and Index Statistics Collector,Collects function-level statistics on database activity.,,superuser,enum,configuration file,,,"{none,pl,all}",none,all,/data/cluster-af2-pgsql/postgresql.auto.conf,3,f
track_io_timing,on,,Statistics / Query and Index Statistics Collector,Collects timing statistics for database I/O activity.,,superuser,bool,configuration file,,,,off,on,/data/cluster-af2-pgsql/postgresql.conf,576,f
track_wal_io_timing,on,,Statistics / Query and Index Statistics Collector,Collects timing statistics for WAL I/O activity.,,superuser,bool,configuration file,,,,off,on,/data/cluster-af2-pgsql/postgresql.auto.conf,4,f
transaction_deferrable,off,,Client Connection Defaults / Statement Behavior,Whether to defer a read-only serializable transaction until it can be executed with no possible serialization failures.,,user,bool,override,,,,off,off,,,f
transaction_isolation,read committed,,Client Connection Defaults / Statement Behavior,Sets the current transaction's isolation level.,,user,enum,override,,,"{serializable,""repeatable read"",""read committed"",""read uncommitted""}",read committed,read committed,,,f
transaction_read_only,off,,Client Connection Defaults / Statement Behavior,Sets the current transaction's read-only status.,,user,bool,override,,,,off,off,,,f
transform_null_equals,off,,Version and Platform Compatibility / Other Platforms and Clients,"Treats ""expr=NULL"" as ""expr IS NULL"".","When turned on, expressions of the form expr = NULL (or NULL = expr) are treated as expr IS NULL, that is, they return true if expr evaluates to the null value, and false otherwise. The correct behavior of expr = NULL is to always return null (unknown).",user,bool,default,,,,off,off,,,f
unix_socket_directories,"/run/postgresql, /tmp",,Connections and Authentication / Connection Settings,Sets the directories where Unix-domain sockets will be created.,,postmaster,string,default,,,,"/run/postgresql, /tmp","/run/postgresql, /tmp",,,f
unix_socket_group,,,Connections and Authentication / Connection Settings,Sets the owning group of the Unix-domain socket.,The owning user of the socket is always the user that starts the server.,postmaster,string,default,,,,,,,,f
unix_socket_permissions,0777,,Connections and Authentication / Connection Settings,Sets the access permissions of the Unix-domain socket.,Unix-domain sockets use the usual Unix file system permission set. The parameter value is expected to be a numeric mode specification in the form accepted by the chmod and umask system calls. (To use the customary octal format the number must start with a 0 (zero).),postmaster,integer,default,0,511,,511,511,,,f
update_process_title,on,,Reporting and Logging / Process Title,Updates the process title to show the active SQL command.,Enables updating of the process title every time a new SQL command is received by the server.,superuser,bool,default,,,,on,on,,,f
vacuum_cost_delay,0,ms,Resource Usage / Cost-Based Vacuum Delay,Vacuum cost delay in milliseconds.,,user,real,default,0,100,,0,0,,,f
vacuum_cost_limit,600,,Resource Usage / Cost-Based Vacuum Delay,Vacuum cost amount available before napping.,,user,integer,configuration file,1,10000,,200,600,/data/cluster-af2-pgsql/postgresql.auto.conf,27,f
vacuum_cost_page_dirty,20,,Resource Usage / Cost-Based Vacuum Delay,Vacuum cost for a page dirtied by vacuum.,,user,integer,default,0,10000,,20,20,,,f
vacuum_cost_page_hit,1,,Resource Usage / Cost-Based Vacuum Delay,Vacuum cost for a page found in the buffer cache.,,user,integer,default,0,10000,,1,1,,,f
vacuum_cost_page_miss,2,,Resource Usage / Cost-Based Vacuum Delay,Vacuum cost for a page not found in the buffer cache.,,user,integer,default,0,10000,,2,2,,,f
vacuum_defer_cleanup_age,0,,Replication / Primary Server,"Number of transactions by which VACUUM and HOT cleanup should be deferred, if any.",,sighup,integer,default,0,1000000,,0,0,,,f
vacuum_failsafe_age,1600000000,,Client Connection Defaults / Statement Behavior,Age at which VACUUM should trigger failsafe to avoid a wraparound outage.,,user,integer,default,0,2100000000,,1600000000,1600000000,,,f
vacuum_freeze_min_age,50000000,,Client Connection Defaults / Statement Behavior,Minimum age at which VACUUM should freeze a table row.,,user,integer,default,0,1000000000,,50000000,50000000,,,f
vacuum_freeze_table_age,150000000,,Client Connection Defaults / Statement Behavior,Age at which VACUUM should scan whole table to freeze tuples.,,user,integer,default,0,2000000000,,150000000,150000000,,,f
vacuum_multixact_failsafe_age,1600000000,,Client Connection Defaults / Statement Behavior,Multixact age at which VACUUM should trigger failsafe to avoid a wraparound outage.,,user,integer,default,0,2100000000,,1600000000,1600000000,,,f
vacuum_multixact_freeze_min_age,5000000,,Client Connection Defaults / Statement Behavior,Minimum age at which VACUUM should freeze a MultiXactId in a table row.,,user,integer,default,0,1000000000,,5000000,5000000,,,f
vacuum_multixact_freeze_table_age,150000000,,Client Connection Defaults / Statement Behavior,Multixact age at which VACUUM should scan whole table to freeze tuples.,,user,integer,default,0,2000000000,,150000000,150000000,,,f
wal_block_size,8192,,Preset Options,Shows the block size in the write ahead log.,,internal,integer,default,8192,8192,,8192,8192,,,f
wal_buffers,2048,8kB,Write-Ahead Log / Settings,Sets the number of disk-page buffers in shared memory for WAL.,,postmaster,integer,configuration file,-1,262143,,-1,2048,/data/cluster-af2-pgsql/postgresql.conf,216,f
wal_compression,off,,Write-Ahead Log / Settings,Compresses full-page writes written in WAL file.,,superuser,bool,default,,,,off,off,,,f
wal_consistency_checking,,,Developer Options,Sets the WAL resource managers for which WAL consistency checks are done.,Full-page images will be logged for all data blocks and cross-checked against the results of WAL replay.,superuser,string,default,,,,,,,,f
wal_init_zero,on,,Write-Ahead Log / Settings,Writes zeroes to new WAL files before first use.,,superuser,bool,default,,,,on,on,,,f
wal_keep_size,0,MB,Replication / Sending Servers,Sets the size of WAL files held for standby servers.,,sighup,integer,default,0,2147483647,,0,0,,,f
wal_level,logical,,Write-Ahead Log / Settings,Sets the level of information written to the WAL.,,postmaster,enum,configuration file,,,"{minimal,replica,logical}",replica,logical,/data/cluster-af2-pgsql/postgresql.auto.conf,21,f
wal_log_hints,off,,Write-Ahead Log / Settings,"Writes full pages to WAL when first modified after a checkpoint, even for a non-critical modification.",,postmaster,bool,default,,,,off,off,,,f
wal_receiver_create_temp_slot,off,,Replication / Standby Servers,Sets whether a WAL receiver should create a temporary replication slot if no permanent slot is configured.,,sighup,bool,default,,,,off,off,,,f
wal_receiver_status_interval,10,s,Replication / Standby Servers,Sets the maximum interval between WAL receiver status reports to the sending server.,,sighup,integer,default,0,2147483,,10,10,,,f
wal_receiver_timeout,60000,ms,Replication / Standby Servers,Sets the maximum wait time to receive data from the sending server.,,sighup,integer,default,0,2147483647,,60000,60000,,,f
wal_recycle,on,,Write-Ahead Log / Settings,Recycles WAL files by renaming them.,,superuser,bool,default,,,,on,on,,,f
wal_retrieve_retry_interval,5000,ms,Replication / Standby Servers,Sets the time to wait before retrying to retrieve WAL after a failed attempt.,,sighup,integer,default,1,2147483647,,5000,5000,,,f
wal_segment_size,16777216,B,Preset Options,Shows the size of write ahead log segments.,,internal,integer,override,1048576,1073741824,,16777216,16777216,,,f
wal_sender_timeout,60000,ms,Replication / Sending Servers,Sets the maximum time to wait for WAL replication.,,user,integer,default,0,2147483647,,60000,60000,,,f
wal_skip_threshold,2048,kB,Write-Ahead Log / Settings,Minimum size of new file to fsync instead of writing WAL.,,user,integer,default,0,2147483647,,2048,2048,,,f
wal_sync_method,fdatasync,,Write-Ahead Log / Settings,Selects the method used for forcing WAL updates to disk.,,sighup,enum,default,,,"{fsync,fdatasync,open_sync,open_datasync}",fdatasync,fdatasync,,,f
wal_writer_delay,200,ms,Write-Ahead Log / Settings,Time between WAL flushes performed in the WAL writer.,,sighup,integer,default,1,10000,,200,200,,,f
wal_writer_flush_after,128,8kB,Write-Ahead Log / Settings,Amount of WAL written out by WAL writer that triggers a flush.,,sighup,integer,default,0,2147483647,,128,128,,,f
work_mem,4096,kB,Resource Usage / Memory,Sets the maximum memory to be used for query workspaces.,This much memory can be used by each internal sort operation and hash table before switching to temporary disk files.,user,integer,configuration file,64,2147483647,,4096,4096,/data/cluster-af2-pgsql/postgresql.conf,130,f
xmlbinary,base64,,Client Connection Defaults / Statement Behavior,Sets how binary values are to be encoded in XML.,,user,enum,default,,,"{base64,hex}",base64,base64,,,f
xmloption,content,,Client Connection Defaults / Statement Behavior,Sets whether XML data in implicit parsing and serialization operations is to be considered as documents or content fragments.,,user,enum,default,,,"{content,document}",content,content,,,f
zero_damaged_pages,off,,Developer Options,Continues processing past damaged page headers.,"Detection of a damaged page header normally causes PostgreSQL to report an error, aborting the current transaction. Setting zero_damaged_pages to true causes the system to instead report a warning, zero out the damaged page, and continue processing. This behavior will destroy data, namely all the rows on the damaged page.",superuser,bool,default,,,,off,off,,,f
